{"cameraMode":{"drawMode":0,"name":"Shaded","section":"Shading Mode"},"sceneLighting":true,"audioPlay":false,"sceneViewState":{"showFog":true,"showMaterialUpdate":false,"showSkybox":true,"showFlares":true,"showImageEffects":true,"showParticleSystems":true},"in2DMode":false,"pivot":{"x":474.3353271484375,"y":365.2884521484375,"z":-89.74690246582031},"rotation":{"x":0.6027226448059082,"y":-0.02870938740670681,"z":0.021707355976104738,"w":0.7971395254135132},"size":166.4246368408203,"orthographic":false}